SUName,CollName,DeploymentName,DeployType,AvailableDate,DeadlineDate,RestartSer,RestartWrk,MWInstall,MWRestart,
SUM_2017_Sep_Only_Desktop,PROD:Windows 10_Reboot,SUM_2017_Sep_Only_Desktop:PROD:Windows 10_Reboot,Required,4/5/2017 16:00,25/9/2017 10:30,FALSE,FALSE,FALSE,FALSE,
SUM_2000-2014_All_Desktop,PROD:Windows 10_Reboot,SUM_2000-2014_All_Desktop:PROD:Windows 10_Reboot,Required,4/5/2017 16:00,25/9/2017 10:30,FALSE,FALSE,FALSE,FALSE,
SUM_2015-2016_All_Desktop,PROD:Windows 10_Reboot,SUM_2015-2016_All_Desktop:PROD:Windows 10_Reboot,Required,4/5/2017 16:00,25/9/2017 10:30,FALSE,FALSE,FALSE,FALSE,
SUM_2017_All_Desktop,PROD:Windows 10_Reboot,SUM_2017_All_Desktop:PROD:Windows 10_Reboot,Required,4/5/2017 16:00,25/9/2017 10:30,FALSE,FALSE,FALSE,FALSE,
3rdParty_Updates,PROD:Windows 10_Reboot,3rdParty_Updates:PROD:Windows 10_Reboot,Required,4/5/2017 16:00,25/9/2017 10:30,FALSE,FALSE,FALSE,FALSE,
SUM_2017_Windows10,PROD:Windows 10_Reboot,SUM_2017_Windows10:PROD:Windows 10_Reboot,Required,4/5/2017 16:00,25/9/2017 10:30,FALSE,FALSE,FALSE,FALSE,
